P-OTP04A1-SW-M6-90, airmaster 8ft screw M6*90
P-OTP04A1-TB-P2, airmaster 8ft screw Basketball Assembly tool bag
P-OTP04A1-08-TB-P1, airmaster 8ft screw Assembly tool bag
P-OTP04A1-BH-UP, airmaster 8ft screw Basketball hoop upper pole
P-OTP04A1-BH-MP, airmaster 8ft Basketball hoop middle pole
P-OTP04A1-BH-LP, airmaster 8ft Basketball hoop lower pole
P-OTP04A1-SW-M6-90, airmaster 12ft screw M6*90
P-OTP04A1-TB-P2, airmaster 12ft screw Basketball Assembly tool bag
P-OTP04A1-12-TB-P1, airmaster 12ft screw Assembly tool bag
P-OTP04A1-BH-UP, airmaster 12ft screw Basketball hoop upper pole
P-OTP04A1-BH-MP, airmaster 12ft Basketball hoop middle pole
P-OTP04A1-BH-LP, airmaster 12ft Basketball hoop lower pole
P-OTP04A1-SW-M6-90, airmaster 10ft screw M6*90
P-OTP04A1-TB-P2, airmaster 10ft screw Basketball Assembly tool bag
P-OTP04A1-10-TB-P1, airmaster 10ft screw Assembly tool bag
P-OTP04A1-BH-UP, airmaster 10ft screw Basketball hoop upper pole
P-OTP04A1-BH-MP, airmaster 10ft Basketball hoop middle pole
P-OTP04A1-BH-LP, airmaster 10ft Basketball hoop lower pole
P-OTP04A1-SW-M6-90, airmaster 14ft screw M6*90
P-OTP04A1-TB-P2, airmaster 14ft screw Basketball Assembly tool bag
P-OTP04A1-14-TB-P1, airmaster 14ft screw Assembly tool bag
P-OTP04A1-BH-UP, airmaster 14ft screw Basketball hoop upper pole
P-OTP04A1-BH-MP, airmaster 14ft Basketball hoop middle pole
P-OTP04A1-BH-LP, airmaster 14ft Basketball hoop lower pole
P-OTP03A1-SD, skydancer 8ft screwdriver
P-OTP03A1-SW-M6-35, skydancer 8ft screw M6*35
P-OTP03A1-SW-M6-75, skydancer 8ft screw M6*75
P-OTP03A1-SW-M6-88, skydancer 8ft screw M6*88
P-OTP03A1-PC-25, skydancer 8ft Pole cap D25
P-OTP03A1-PC-38, skydancer 8ft Pole cap D38
P-OTP03A1-RO, skydancer 8ft Rope
P-OTP03A1-08-TB, skydancer 8ft Assembly tool bag
P-OTP03A1-SD, skydancer 12ft screwdriver
P-OTP03A1-SW-M6-35, skydancer 12ft screw M6*35
P-OTP03A1-SW-M6-75, skydancer 12ft screw M6*75
P-OTP03A1-SW-M6-88, skydancer 12ft screw M6*88
P-OTP03A1-PC-25, skydancer 12ft Pole cap D25
P-OTP03A1-PC-38, skydancer 12ft Pole cap D38
P-OTP03A1-RO, skydancer 12ft Rope
P-OTP03A1-12-TB, skydancer 12ft Assembly tool bag
P-OTP03A1-SD, skydancer 10ft screwdriver
P-OTP03A1-SW-M6-35, skydancer 10ft screw M6*35
P-OTP03A1-SW-M6-75, skydancer 10ft screw M6*75
P-OTP03A1-SW-M6-88, skydancer 10ft screw M6*88
P-OTP03A1-PC-25, skydancer 10ft Pole cap D25
P-OTP03A1-PC-38, skydancer 10ft Pole cap D38
P-OTP03A1-RO, skydancer 10ft Rope
P-OTP03A1-10-TB, skydancer 10ft Assembly tool bag
P-OTP03A1-SD, skydancer 14ft screwdriver
P-OTP03A1-SW-M6-35, skydancer 14ft screw M6*35
P-OTP03A1-SW-M6-75, skydancer 14ft screw M6*75
P-OTP03A1-SW-M6-88, skydancer 14ft screw M6*88
P-OTP03A1-PC-25, skydancer 14ft Pole cap D25
P-OTP03A1-PC-38, skydancer 14ft Pole cap D38
P-OTP03A1-RO, skydancer 14ft Rope
P-OTP03A1-14-TB, skydancer 14ft Assembly tool bag
P-OGS00A1-20-FF-RI, garden shed 03 GN 20 front foot-Right "3R"
P-OGS00A1-20-BF-RI, garden shed 03 GN 20 back foot-Right "4R"
P-OGS00A1-20-SR-LE, garden shed 03 GN 20 slide rail-Left "7"
P-OGS00A1-20-SR-RI, garden shed 03 GN 20 slide rail-Right "8"
P-OGS00A1-20-BB-RI, garden shed 03 GN 20 back upper side beam - right "10R"
P-OGS00A1-20-SR-01, garden shed 03 GN 20 support rod 1 "B1"
P-OGS00A1-20-FD-05, garden shed 03 GN 20 the shed foundation 5 "W5"
P-OGS03A1-GN-20-PT-FS, garden shed 03 GN 20 front side plate "P1"
P-OGS03A1-GN-20-CP, garden shed 03 GN 20 corner plate "P2"
P-OGS03A1-GN-20-PT-BM, garden shed 03 GN 20 back middle plate "P6"
P-OGS03A1-GN-20-SP-BS-01, garden shed 03 GN 20 small plates of both sides 1 "P3"
P-OGS03A1-GN-20-PT-US-01, garden shed 03 GN 20 upper side plate 1 "P4R"
P-OGS03A1-GN-20-PT-US-02, garden shed 03 GN 20 upper side plate 2 "P4L"
P-OGS03A1-GN-20-SP-BS-02, garden shed 03 GN 20 small plates of both sides 2 "P4"
P-OGS03A1-GN-20-PT-BS, garden shed 03 GN 20 back side plate "P5"
P-OGS03A1-GN-20-TP-01, garden shed 03 GN 20 triangle plate 1 "21R"
P-OGS03A1-GN-20-PD-RI, garden shed 03 GN 20 pole of door - right "25R"
P-OGS03A1-GN-20-BD, garden shed 03 GN 20 binder of slide rail "6"
P-OGS03A1-GN-20-SE-FB-02, garden shed 03 GN 20 front and back side eave 2 "18"
P-OGS00A1-20-FF-RI, garden shed 04 GN 20 front foot-Right "3R"
P-OGS00A1-20-BF-RI, garden shed 04 GN 20 back foot-Right "4R"
P-OGS00A1-20-SR-LE, garden shed 04 GN 20 slide rail-Left "7"
P-OGS00A1-20-SR-RI, garden shed 04 GN 20 slide rail-Right "8"
P-OGS00A1-20-BB-RI, garden shed 04 GN 20 back upper side beam - right "10R"
P-OGS00A1-20-SR-01, garden shed 04 GN 20 support rod 1 "B1"
P-OGS00A1-20-FD-05, garden shed 04 GN 20 the shed foundation 5 "W5"
P-OGS04A1-GN-20-PT-FS, garden shed 04 GN 20 front side plate "P1"
P-OGS04A1-GN-20-CP, garden shed 04 GN 20 corner plate "P2"
P-OGS04A1-GN-20-PT-BM, garden shed 04 GN 20 back middle plate "P6"
P-OGS04A1-GN-20-SP-BS-01, garden shed 04 GN 20 small plates of both sides 1 "P3"
P-OGS04A1-GN-20-PT-US-01, garden shed 04 GN 20 upper side plate 1 "P4R"
P-OGS04A1-GN-20-PT-US-02, garden shed 04 GN 20 upper side plate 2 "P4L"
P-OGS04A1-GN-20-PT-BS, garden shed 04 GN 20 back side plate "P5"
P-OGS04A1-GN-20-TP-01, garden shed 04 GN 20 triangle plate 1 "21R"
P-OGS04A1-GN-20-PD-RI, garden shed 04 GN 20 pole of door - right "25R"
P-OGS04A1-GN-20-BD, garden shed 04 GN 20 binder of slide rail "6"
P-OGS04A1-GN-20-SE-FB-02, garden shed 04 GN 20 front and back side eave 2 "18"
P-OGS00A1-20-FF-RI, garden shed 03 GY 20 front foot-Right "3R"
P-OGS00A1-20-BF-RI, garden shed 03 GY 20 back foot-Right "4R"
P-OGS00A1-20-SR-LE, garden shed 03 GY 20 slide rail - left "7"
P-OGS00A1-20-SR-RI, garden shed 03 GY 20 slide rail - right "8"
P-OGS00A1-20-BB-RI, garden shed 03 GY 20 back upper side beam-right "10R"
P-OGS00A1-20-SR-01, garden shed 03 GY 20 support rod 1 "B1"
P-OGS00A1-20-FD-05, garden shed 03 GY 20 the shed foundation 5 "W5"
P-OGS03A1-GY-20-PT-FS, garden shed 03 GY 20 front side plate "P1"
P-OGS03A1-GY-20-CP, garden shed 03 GY 20 corner plate "P2"
P-OGS03A1-GY-20-PT-BM, garden shed 03 GY 20 back middle plate "P6"
P-OGS03A1-GY-20-SP-BS-01, garden shed 03 GY 20 small plates of both sides 1 "P3"
P-OGS03A1-GY-20-PT-US-01, garden shed 03 GY 20 upper side plate 2 "P4L"
P-OGS03A1-GY-20-PT-US-02, garden shed 03 GY 20 upper side plate 1 "P4R"
P-OGS03A1-GY-20-SP-BS-02, garden shed 03 GY 20 small plates of both sides 2 "P4"
P-OGS03A1-GY-20-PT-BS, garden shed 03 GY 20 back side plate "P5"
P-OGS03A1-GY-20-TP-01, garden shed 03 GY 20 triangle plate 1 "21R"
P-OGS03A1-GY-20-PD-RI, garden shed 03 GY 20 pole of door - right "25R"
P-OGS03A1-GY-20-BD, garden shed 03 GY 20 binder of slide rail "6"
P-OGS03A1-GY-20-SE-FB-02, garden shed 03 GY 20 front and back side eave 2 "18"
P-OGS00A1-31-FT-LR-02, garden shed 03 GN 31 left and right foot 2 "2"
P-OGS00A1-31-FF-RI, garden shed 03 GN 31 front foot-Right "3R"
P-OGS00A1-31-BF-LE, garden shed 03 GN 31 back foot-Left "4L"
P-OGS00A1-31-BF-RI, garden shed 03 GN 31 back foot-Right "4R"
P-OGS00A1-31-SR-RI, garden shed 03 GN 31 slide rail - right "8"
P-OGS00A1-31-MB-02, garden shed 03 GN 31 main beam 2 "14"
P-OGS00A1-31-UB-LR-02, garden shed 03 GN 31 left and right upper side beam 2 "11"
P-OGS00A1-31-BB-RI, garden shed 03 GN 31 back upper side beam-right "10R"
P-OGS00A1-31-SF-BK-02, garden shed 03 GN 31 back stiffener 2 "24R"
P-OGS00A1-31-SR-01, garden shed 03 GN 31 support rod 1 "B1"
P-OGS00A1-31-FD-04, garden shed 03 GN 31 the shed foundation 4 "W4"
P-OGS00A1-31-FD-05, garden shed 03 GN 31 the shed foundation 5 "W5"
P-OGS03A1-GN-31-SP-LR-BM, garden shed 03 GN 31 side plate of left,right and back middle "P1"
P-OGS03A1-GN-31-CP-BK, garden shed 03 GN 31 corner plate - back "P2"
P-OGS03A1-GN-31-CP-FR, garden shed 03 GN 31 corner plate - front "P6"
P-OGS03A1-GN-31-SP-BS, garden shed 03 GN 31 small plates of both sides "P3"
P-OGS03A1-GN-31-PT-US-02, garden shed 03 GN 31 upper side plate 2 "P4L"
P-OGS03A1-GN-31-PT-US-01, garden shed 03 GN 31 upper side plate 1 "P4R"
P-OGS03A1-GN-31-MP-01, garden shed 03 GN 31 middle plate 1 "P5"
P-OGS03A1-GN-31-PT-UM-01-RI, garden shed 03 GN 31 upper middle plate 1-right "P7"
P-OGS03A1-GN-31-PT-UM-01-LE, garden shed 03 GN 31 upper middle plate 1-left "P8"
P-OGS03A1-GN-31-TP-01, garden shed 03 GN 31 triangle plate 1 "21R"
P-OGS03A1-GN-31-PD-R, garden shed 03 GN 31 pole of door - right "25R"
P-OGS03A1-GN-31-SE-FB-02, garden shed 03 GN 31 front and back side eave 2 "18"
P-OGS00A1-31-FT-LR-02, garden shed 04 GN 31 left and right foot 2 "2"
P-OGS00A1-31-FF-RI, garden shed 04 GN 31 front foot-Right "3R"
P-OGS00A1-31-BF-LE, garden shed 04 GN 31 back foot-Left "4L"
P-OGS00A1-31-BF-RI, garden shed 04 GN 31 back foot-Right "4R"
P-OGS00A1-31-SR-RI, garden shed 04 GN 31 slide rail - right "8"
P-OGS00A1-31-MB-02, garden shed 04 GN 31 main beam 2 "14"
P-OGS00A1-31-UB-LR-02, garden shed 04 GN 31 left and right upper side beam 2 "11"
P-OGS00A1-31-BB-RI, garden shed 04 GN 31 back upper side beam-right "10R"
P-OGS00A1-31-SF-BK-02, garden shed 04 GN 31 back stiffener 2 "24R"
P-OGS00A1-31-SR-01, garden shed 04 GN 31 support rod 1 "B1"
P-OGS00A1-31-FD-04, garden shed 04 GN 31 the shed foundation 4 "W4"
P-OGS00A1-31-FD-05, garden shed 04 GN 31 the shed foundation 5 "W5"
P-OGS04A1-GN-31-SP-LR-BM, garden shed 04 GN 31 side plate of left,right and back middle "P1"
P-OGS04A1-GN-31-CP-BK, garden shed 04 GN 31 corner plate - back "P2"
P-OGS04A1-GN-31-CP-FR, garden shed 04 GN 31 corner plate - front "P6"
P-OGS04A1-GN-31-SP-BS, garden shed 04 GN 31 small plates of both sides "P3"
P-OGS04A1-GN-31-PT-US-02, garden shed 04 GN 31 upper side plate 2 "P4L"
P-OGS04A1-GN-31-PT-US-01, garden shed 04 GN 31 upper side plate 1 "P4R"
P-OGS04A1-GN-31-MP-01, garden shed 04 GN 31 middle plate 1 "P5"
P-OGS04A1-GN-31-PT-UM-01-RI, garden shed 04 GN 31 upper middle plate 1-right "P7"
P-OGS04A1-GN-31-PT-UM-01-LE, garden shed 04 GN 31 upper middle plate 1-left "P8"
P-OGS04A1-GN-31-TP-01, garden shed 04 GN 31 triangle plate 1 "21R"
P-OGS04A1-GN-31-PD-R, garden shed 04 GN 31 pole of door - right "25R"
P-OGS04A1-GN-31-SE-FB-02, garden shed 04 GN 31 front and back side eave 2 "18"
P-OGS00A1-31-FT-LR-02, garden shed 03 GY 31 left and right foot 2 "2"
P-OGS00A1-31-FF-RI, garden shed 03 GY 31 front foot-Right "3R"
P-OGS00A1-31-BF-LE, garden shed 03 GY 31 back foot-Left "4L"
P-OGS00A1-31-BF-RI, garden shed 03 GY 31 back foot-Right "4R"
P-OGS00A1-31-SR-RI, garden shed 03 GY 31 slide rail - right "8"
P-OGS00A1-31-MB-02, garden shed 03 GY 31 main beam 2 "14"
P-OGS00A1-31-UB-LR-02, garden shed 03 GY 31 left and right upper side beam 2 "11"
P-OGS00A1-31-BB-RI, garden shed 03 GY 31 back upper side beam-right "10R"
P-OGS00A1-31-SF-BK-02, garden shed 03 GY 31 back stiffener 2 "24R"
P-OGS00A1-31-SR-01, garden shed 03 GY 31 support rod 1 "B1"
P-OGS00A1-31-FD-04, garden shed 03 GY 31 the shed foundation 4 "W4"
P-OGS00A1-31-FD-05, garden shed 03 GY 31 the shed foundation 5 "W5"
P-OGS03A1-GY-31-SP-LR-BM, garden shed 03 GY 31 side plate of left,right and back middle "P1"
P-OGS03A1-GY-31-CP-BK, garden shed 03 GY 31 corner plate - back "P2"
P-OGS03A1-GY-31-CP-FR, garden shed 03 GY 31 corner plate - front "P6"
P-OGS03A1-GY-31-SP-BS, garden shed 03 GY 31 small plates of both sides "P3"
P-OGS03A1-GY-31-PT-US-02, garden shed 03 GY 31 upper side plate 2 "P4L"
P-OGS03A1-GY-31-PT-US-01, garden shed 03 GY 31 upper side plate 1 "P4R"
P-OGS03A1-GY-31-MP-01, garden shed 03 GY 31 middle plate 1 "P5"
P-OGS03A1-GY-31-PT-UM-01-RI, garden shed 03 GY 31 upper middle plate 1-right "P7"
P-OGS03A1-GY-31-PT-UM-01-LE, garden shed 03 GY 31 upper middle plate 1-left "P8"
P-OGS03A1-GY-31-TP-01, garden shed 03 GY 31 triangle plate 1 "21R"
P-OGS03A1-GY-31-PD-R, garden shed 03 GY 31 pole of door - right "25R"
P-OGS03A1-GY-31-SE-FB-02, garden shed 03 GY 31 front and back side eave 2 "18"
P-OGS00A1-36-FT-LR-02, garden shed 03 GN 36 left and right foot 2 "2"
P-OGS00A1-36-FF-RI, garden shed 03 GN 36 front foot-Right "3R"
P-OGS00A1-36-BF-LE, garden shed 03 GN 36 back foot-Left "4L"
P-OGS00A1-36-BF-RI, garden shed 03 GN 36 back foot-Right "4R"
P-OGS00A1-36-SR-RI, garden shed 03 GN 36 slide rail - right "8"
P-OGS00A1-36-MB-02, garden shed 03 GN 36 main beam 2 "14"
P-OGS03A1-GN-36-SE-LR-02, garden shed 03 GN 36 left and right side eave 2 "16"
P-OGS00A1-36-UB-LR-02, garden shed 03 GN 36 left and right upper side beam 2 "11"
P-OGS00A1-36-BB-RI, garden shed 03 GN 36 back upper side beam-right "10R"
P-OGS00A1-36-SF-LR-02, garden shed 03 GN 36 left and right stiffener 2 "23"
P-OGS00A1-36-SF-BK-02, garden shed 03 GN 36 back stiffener 2 "24R"
P-OGS00A1-36-SR-01, garden shed 03 GN 36 support rod 1 "B1"
P-OGS00A1-36-FD-04, garden shed 03 GN 36 the  shed foundation 4 "W4"
P-OGS00A1-36-FD-05, garden shed 03 GN 36 the  shed foundation 5 "W5"
P-OGS03A1-GN-36-SP-LR-BK, garden shed 03 GN 36 side plate of left,right and back "P1"
P-OGS03A1-GN-36-CP-BK, garden shed 03 GN 36 corner plate - back "P2"
P-OGS03A1-GN-36-CP-FR, garden shed 03 GN 36 corner plate - front "P6"
P-OGS03A1-GN-36-PT-TS-LE, garden shed 03 GN 36 top side plate - left "P4L"
P-OGS03A1-GN-36-PT-TS-RI, garden shed 03 GN 36 top side plate - right "P4R"
P-OGS03A1-GN-36-PT-SS-BK, garden shed 03 GN 36 short side plate - back "P5"
P-OGS03A1-GN-36-PT-UM-01-RI, garden shed 03 GN 36 upper middle plate 1-right "P7"
P-OGS03A1-GN-36-PT-UM-01-LE, garden shed 03 GN 36 upper middle plate 1-left "P8"
P-OGS03A1-GN-36-TP-01, garden shed 03 GN 36 triangle plate 1 "21L"
P-OGS03A1-GN-36-PD-RI, garden shed 03 GN 36 pole of door - right "25R"
P-OGS03A1-GN-36-SE-FB-02, garden shed 03 GN 36 front and back side eave 2 "18"
P-OGS00A1-36-FT-LR-02, garden shed 04 GN 36 left and right foot 2 "2"
P-OGS00A1-36-FF-RI, garden shed 04 GN 36 front foot-Right "3R"
P-OGS00A1-36-BF-LE, garden shed 04 GN 36 back foot-Left "4L"
P-OGS00A1-36-BF-RI, garden shed 04 GN 36 back foot-Right "4R"
P-OGS00A1-36-SR-RI, garden shed 04 GN 36 slide rail - right "8"
P-OGS00A1-36-MB-02, garden shed 04 GN 36 main beam 2 "14"
P-OGS04A1-GN-36-SE-LR-02, garden shed 04 GN 36 left and right side eave 2 "16"
P-OGS00A1-36-UB-LR-02, garden shed 04 GN 36 left and right upper side beam 2 "11"
P-OGS00A1-36-BB-RI, garden shed 04 GN 36 back upper side beam-right "10R"
P-OGS00A1-36-SF-LR-02, garden shed 04 GN 36 left and right stiffener 2 "23"
P-OGS00A1-36-SF-BK-02, garden shed 04 GN 36 back stiffener 2 "24R"
P-OGS00A1-36-SR-01, garden shed 04 GN 36 support rod 1 "B1"
P-OGS00A1-36-FD-04, garden shed 04 GN 36 the  shed foundation 4 "W4"
P-OGS00A1-36-FD-05, garden shed 04 GN 36 the  shed foundation 5 "W5"
P-OGS04A1-GN-36-SP-LR-BK, garden shed 04 GN 36 side plate of left,right and back "P1"
P-OGS04A1-GN-36-CP-BK, garden shed 04 GN 36 corner plate - back "P2"
P-OGS04A1-GN-36-CP-FR, garden shed 04 GN 36 corner plate - front "P6"
P-OGS04A1-GN-36-PT-TS-LE, garden shed 04 GN 36 top side plate - left "P4L"
P-OGS04A1-GN-36-PT-TS-RI, garden shed 04 GN 36 top side plate - right "P4R"
P-OGS04A1-GN-36-PT-SS-BK, garden shed 04 GN 36 short side plate - back "P5"
P-OGS04A1-GN-36-PT-UM-01-RI, garden shed 04 GN 36 upper middle plate 1-right "P7"
P-OGS04A1-GN-36-PT-UM-01-LE, garden shed 04 GN 36 upper middle plate 1-left "P8"
P-OGS04A1-GN-36-TP-01, garden shed 04 GN 36 triangle plate 1 "21L"
P-OGS04A1-GN-36-PD-RI, garden shed 04 GN 36 pole of door - right "25R"
P-OGS04A1-GN-36-SE-FB-02, garden shed 04 GN 36 front and back side eave 2 "18"
P-OGS00A1-36-FT-LR-02, garden shed 03 GY 36 left and right foot 2 "2"
P-OGS00A1-36-FF-RI, garden shed 03 GY 36 front foot-Right "3R"
P-OGS00A1-36-BF-LE, garden shed 03 GY 36 back foot-Left "4L"
P-OGS00A1-36-BF-RI, garden shed 03 GY 36 back foot-Right "4R"
P-OGS00A1-36-SR-RI, garden shed 03 GY 36 slide rail - right "8"
P-OGS00A1-36-MB-02, garden shed 03 GY 36 main beam 2 "14"
P-OGS03A1-GY-36-SE-LR-02, garden shed 03 GY 36 left and right side eave 2 "16"
P-OGS00A1-36-UB-LR-02, garden shed 03 GY 36 left and right upper side beam 2 "11"
P-OGS00A1-36-BB-RI, garden shed 03 GY 36 back upper side beam-right "10R"
P-OGS00A1-36-SF-LR-02, garden shed 03 GY 36 left and right stiffener 2 "23"
P-OGS00A1-36-SF-BK-02, garden shed 03 GY 36 back stiffener 2 "24R"
P-OGS00A1-36-SR-01, garden shed 03 GY 36 support rod 1 "B1"
P-OGS00A1-36-FD-04, garden shed 03 GY 36 the  shed foundation 4 "W4"
P-OGS00A1-36-FD-05, garden shed 03 GY 36 the  shed foundation 5 "W5"
P-OGS03A1-GY-36-SP-LR-BK, garden shed 03 GY 36 side plate of left,right and back "P1"
P-OGS03A1-GY-36-CP-BK, garden shed 03 GY 36 corner plate - back "P2"
P-OGS03A1-GY-36-CP-FR, garden shed 03 GY 36 corner plate - front "P6"
P-OGS03A1-GY-36-PT-TS-LE, garden shed 03 GY 36 top side plate - left "P4L"
P-OGS03A1-GY-36-PT-TS-RI, garden shed 03 GY 36 top side plate - right "P4R"
P-OGS03A1-GY-36-PT-SS-BK, garden shed 03 GY 36 short side plate - back "P5"
P-OGS03A1-GY-36-PT-UM-01-RI, garden shed 03 GY 36 upper middle plate 1-right "P7"
P-OGS03A1-GY-36-PT-UM-01-LE, garden shed 03 GY 36 upper middle plate 1-left "P8"
P-OGS03A1-GY-36-TP-01, garden shed 03 GY 36 triangle plate 1 "21L"
P-OGS03A1-GY-36-PD-RI, garden shed 03 GY 36 pole of door - right "25R"
P-OGS03A1-GY-36-SE-FB-02, garden shed 03 GY 36 front and back side eave 2 "18"
P-LBS00A1-SR-FT, barstool foot support rod
P-ORF09A1-BK-GY-CR, rattan chair ORF09A-BK-GY chair
P-ORF09A1-BK-GY-GL, rattan chair ORF09A-BK-GY glass
P-ORF09A1-BK-GY-TB, rattan chair ORF09A-BK-GY table
P-ORF09A1-BK-GY-BC, rattan chair ORF09A-BK-GY back cushion
P-ORF09A1-BK-GY-SC, rattan chair ORF09A-BK-GY seat cushion
P-ORF09A1-BK-GY-OC, rattan chair ORF09A-BK-GY ottoman cushion
P-ORF09A1-BK-GY-OT, rattan chair ORF09A-BK-GY ottoman
P-ORF09A1-BK-GY-WC, rattan chair ORF09A-BK-GY weather cover
P-STM07A1-ME, treadmill STM07 main engine
P-STM07A1-UP, treadmill STM07 upright
P-STM07A1-EP, treadmill STM07 electronic watch
P-STM07A1-AP, treadmill STM07 accessories package
P-STM00A1-HS-06, treadmill STM07 Inner hexagon spanner 6mm
P-STM00A1-HS-05, treadmill STM07 Inner hexagon spanner 5mm
P-STM00A1-SP-SH, treadmill STM07 Open spanner 13-15
P-STM00A1-SP-LO, treadmill STM07 Open spanner 14-17
P-STM00A1-SD-CS, treadmill STM07 Cross screwdriver
P-STM07A1-NT-M8, treadmill STM07 Nut M8
P-STM07A1-WS-M8, treadmill STM07 Washer 8.5*16*T1.5 
P-STM07A1-SS, treadmill STM07 Safety switch
P-STM07A1-SW-M8-55, treadmill STM07 Semicircle-head inner hexagon screw M8*55
P-STM00A1-SO, treadmill STM07 Silicone oil
P-STM00A1-SW-M8-20, treadmill STM07 Semicircle-head  inner hexagon screw M8*20
P-STM07A1-CB, treadmill STM07 MP3 Data Cable
P-STM80A1-ME, treadmill STM80 main engine
P-STM80A1-UP, treadmill STM80 upright
P-STM80A1-EP, treadmill STM80 electronic watch
P-STM80A1-AP, treadmill STM80 accessories package
P-STM00A1-HS-06, treadmill STM80 Inner hexagon spanner 6mm
P-STM00A1-HS-05, treadmill STM80 Inner hexagon spanner 5mm
P-STM00A1-SP-SH, treadmill STM80 Open spanner 13-15
P-STM00A1-SP-LO, treadmill STM80 Open spanner 14-17
P-STM00A1-CS-SD, treadmill STM80 Cross screwdriver
P-STM80A1-SS, treadmill STM80 Safety switch
P-STM80A1-SW-M8-50, treadmill STM80 Semicircle-head inner hexagon screw M8*50
P-STM00A1-SO, treadmill STM80 Silicone oil
P-STM00A1-SW-M8-20, treadmill STM80 Semicircle-head  inner hexagon screw M8*20
P-STM80A1-CB, treadmill STM80 MP3 Data Cable
P-STM08A1-ME, treadmill STM08 main engine
P-STM08A1-UP, treadmill STM08 upright
P-STM08A1-EP, treadmill STM08 electronic watch
P-STM08A1-AP, treadmill STM08 accessories package
P-STM00A1-HS-06, treadmill STM08 Inner hexagon spanner 6mm
P-STM00A1-HS-05, treadmill STM08 Inner hexagon spanner 5mm
P-STM00A1-SP-SH, treadmill STM08 Open spanner 13-15
P-STM00A1-SP-LO, treadmill STM08 Open spanner 14-17
P-STM00A1-CS-SD, treadmill STM08 Cross screwdriver
P-STM08A1-NT-M8, treadmill STM08 Nut M8
P-STM08A1-WS-M8, treadmill STM08 Washer 8.5*16*T1.5 
P-STM08A1-SS, treadmill STM08 Safety switch
P-STM08A1-SW-M8-55, treadmill STM08 Semicircle-head inner hexagon screw M8*55
P-STM00A1-SO, treadmill STM08 Silicone oil
P-STM00A1-SW-M8-20, treadmill STM08 Semicircle-head  inner hexagon screw M8*20
P-STM08A1-DC, treadmill STM08 Decorative Cap
P-STM08A1-CB, treadmill STM08 MP3 Data Cable
P-TPL16A1-WL, drywall lifter wheel
P-TPL16A1-BM, drywall lifter AB beam
P-TPL16A1-FR, drywall lifter frame 
P-TPL16A1-TB, drywall lifter triangle bracket
P-TPL16A1-TG, drywall lifter telescopic grider
P-TPL16A1-MG, drywall lifter middle girder 
P-TPL16A1-HD, drywall lifter handle
P-TPL16A1-RP, drywall lifter rope 
P-TPL16A1-PL-ET, drywall lifter extension pole
P-LPH01A1-HB, panel heater body
P-LPH01A1-BT-A0, panel heater expansion bolt -A
P-LPH01A1-DB, panel heater drill bit
P-LPH01A1-BT-B0, panel heater expansion bolt -B
P-OGZ01A1-FM, gazebo 3*3m frame
P-OGZ01A1-WH-CP, gazebo 3*3m canopy white
P-OGZ01A1-BL-CP, gazebo 3*3m canopy blue
P-OGZ01A1-GN-CP, gazebo 3*3m canopy green
P-OGZ01A1-SB, gazebo 3*3m sandbag
P-OGZ01A1-TR, gazebo 3*3m top rod
P-OGZ01A1-TW, gazebo 3*3m twine
P-OGZ01A1-TP, gazebo 3*3m tent peg
P-OGZ01A1-FM, gazebo 3*3m frame
P-OGZ01A1-WH-CP, gazebo 3*3m canopy white
P-OGZ01A1-BL-CP, gazebo 3*3m canopy blue
P-OGZ01A1-GN-CP, gazebo 3*3m canopy green
P-OGZ01A1-SB, gazebo 3*3m sandbag
P-OGZ01A1-TR, gazebo 3*3m top rod
P-OGZ01A1-TW, gazebo 3*3m twine
P-OGZ01A1-TP, gazebo 3*3m tent peg
P-OGZ01A1-WH-SW, gazebo 3M side wall white
P-OGZ01A1-BL-SW, gazebo 3M side wall  blue
P-OGZ01A1-GN-SW, gazebo 3M side wall  green
P-OGZ03A1-HS, gazebo 3*6m haversack
P-OGZ04A1-FM, gazebo 2.5*3.75m frame
P-OGZ04A1-WH-CP, gazebo 2.5*3.75m canopy white
P-OGZ04A1-BL-CP, gazebo 2.5*3.75m canopy blue
P-OGZ04A1-GN-CP, gazebo 2.5*3.75m canopy green
P-OGZ04A1-WH-SW, gazebo 2.5*3.75m side wall white
P-OGZ04A1-BL-SW, gazebo 2.5*3.75m side wall  blue
P-OGZ04A1-GN-SW, gazebo 2.5*3.75m side wall  green
P-OGZ04A1-SB, gazebo 2.5*3.75m sandbag
P-OGZ04A1-TR, gazebo 2.5*3.75m top rod
P-OGZ04A1-TW, gazebo 2.5*3.75m twine
P-OGZ04A1-TP, gazebo 2.5*3.75m tent peg
P-OGZ04A1-HS, gazebo 2.5*3.75m haversack
